通过使用 SQL，可以为表名称或列名称指定别名。
基本上，创建别名是为了让列名称的可读性更强。

列的 SQL 别名语法
----------------------------------------------------
SELECT column_name AS alias_name
FROM table_name;
----------------------------------------------------

表的 SQL 别名语法
----------------------------------------------------
SELECT column_name(s)
FROM table_name AS alias_name;
----------------------------------------------------

对于表websites我们指定了两个别名，一个是 name 列的别名，一
个是 country 列的别名。


----------------------------------------------------
mysql> select * from websites;
+----+--------------+---------------------------+-------+---------+
| id | name         | url                       | alexa | country |
+----+--------------+---------------------------+-------+---------+
|  1 | Google       | https://www.google.cm/    |     1 | USA     |
|  2 | 淘宝         | https://www.taobao.com/   |    13 | CN      |
|  3 | 菜鸟教程     | http://www.runoob.com/    |  4689 | CN      |
|  4 | 微博         | http://weibo.com/         |    20 | CN      |
|  5 | Facebook     | https://www.facebook.com/ |     3 | USA     |
+----+--------------+---------------------------+-------+---------+
5 rows in set (0.00 sec)

mysql> select name as a, country as b from websites;
+--------------+-----+
| a            | b   |
+--------------+-----+
| Google       | USA |
| 淘宝         | CN  |
| 菜鸟教程     | CN  |
| 微博         | CN  |
| Facebook     | USA |
+--------------+-----+
5 rows in set (0.00 sec)

mysql> 

----------------------------------------------------

合并几列成一个新列

在下面的实例中。我们把三个列（url、alexa 和 country）结合在一
起，并创建一个名为 "site_info" 的别名：
----------------------------------------------------

mysql> select name,CONCAT(url,',',alexa,',',country) AS info_site
    -> FROM websites;
+--------------+---------------------------------+
| name         | info_site                       |
+--------------+---------------------------------+
| Google       | https://www.google.cm/,1,USA    |
| 淘宝         | https://www.taobao.com/,13,CN   |
| 菜鸟教程     | http://www.runoob.com/,4689,CN  |
| 微博         | http://weibo.com/,20,CN         |
| Facebook     | https://www.facebook.com/,3,USA |
+--------------+---------------------------------+
5 rows in set (0.00 sec)


----------------------------------------------------

表的别名实例

下面的 SQL 语句选取 "菜鸟教程" 的所有访问记录。我们使用 "Websites" 
和 "access_log" 表，并分别为它们指定表别名 "w" 和 "a"（通过使用别名让 SQL 更简短）：

但好像出了点问题
----------------------------------------------------
mysql> select w.name,w.url,a.count,a.date from websites 
    -> as wb, access_log as ac
    -> where a.sites_id=w.id and w.name='菜鸟教程';
ERROR 1054 (42S22): Unknown column 'w.name' in 'field list'
----------------------------------------------------



